บาคาร่าเล่นง่ายได้เงินไว,1
สมัครสมาชิกใหม่รับเครดิตฟรีทันที,1
ฝากถอนออโต้ตลอดยี่สิบสี่ชั่วโมง,1
ฟรีเครดิตมาแล้วรีบรับเลย,1
เว็บตรงไม่ผ่านเอเย่นต์แตกง่าย,1
เล่นสล็อตแตกหนักโบนัสจัดเต็ม,1
โบนัสไม่ต้องฝากก็รับได้,1
เครดิตฟรีไม่ต้องฝากถอนได้จริง,1
โปรโมชั่นแรงที่สุดตอนนี้,1
รับโบนัสรายวันทุกวัน,1
ฝากผ่านวอเลทสะดวกมาก,1
แนะนำเพื่อนรับเครดิตเพิ่ม,1
คืนยอดเสียทุกวันไม่อั้น,1
ระบบฝากถอนเร็วภายในหนึ่งนาที,1
แจกเครดิตฟรีสำหรับสมาชิกใหม่,1
เว็บพนันออนไลน์อันดับหนึ่ง,1
เล่นสล็อตได้เงินจริงไม่โกง,1
ทีมงานบริการตลอดเวลา,1
สมัครง่ายไม่ต้องยืนยันเยอะ,1
ลุ้นแจ็คพอตแตกทุกวัน,1
โบนัสแรกเข้าเพิ่มทันที,1
ฟรีเครดิตจำกัดเวลารีบรับ,1
ฝากขั้นต่ำหนึ่งบาทก็เล่นได้,1
เกมคาสิโนสดสนุกมาก,1
บาคาร่าสายรัวกำไรไว,1
สูตรบาคาร่าชนะต่อเนื่อง,1
ลิงก์เข้าระบบใหม่ใช้งานง่าย,1
รับโบนัสวันเกิดพิเศษ,1
โปรสมาชิกเก่าคืนกำไร,1
เกมเยอะค่ายดังครบ,1
สมัครวันนี้รับโบนัสเพิ่ม,1
โปรแจกเงินทดลองเล่น,1
เครดิตฟรีพร้อมใช้งานทันที,1
เว็บสล็อตแตกง่ายมาแรง,1
เล่นได้ทุกที่บนมือถือ,1
ไม่ผ่านเอเย่นต์จ่ายจริง,1
สายปั่นห้ามพลาดโปรนี้,1
รับเครดิตเพิ่มเมื่อเติมเงิน,1
กิจกรรมแจกของรางวัลทุกสัปดาห์,1
สมัครฟรีไม่มีค่าใช้จ่าย,1
ระบบปลอดภัยพร้อมดูแล,1
เล่นบาคาร่าสดได้เงินจริง,1
โบนัสคอมมิชชั่นคืนทุกวัน,1
สมัครเลยรับโปรแรง,1
เครดิตฟรีแจกทุกชั่วโมง,1
ฝากถอนเร็วไม่ต้องรอนาน,1
เว็บใหม่มาแรงแจกหนัก,1
โปรคืนยอดเสียสูงสุด,1
รับโบนัสพิเศษเฉพาะวันนี้,1
ขอโทษนะครับทางไปห้องน้ำไปทางไหน,0
ขอถามทางไปสถานีรถไฟหน่อยได้ไหม,0
รบกวนช่วยแนะนำร้านอาหารใกล้ๆหน่อยค่ะ,0
ขออนุญาตนั่งตรงนี้ได้ไหมครับ,0
ช่วยถ่ายรูปให้หน่อยได้ไหม,0
ขอโทษครับผมมาสาย,0
ขอบคุณมากนะครับ,0
ยินดีที่ได้รู้จักครับ,0
วันนี้อากาศดีมาก,0
ขอใบเสร็จด้วยค่ะ,0
รบกวนขอน้ำเปล่าหน่อยครับ,0
ช่วยพูดช้าๆหน่อยได้ไหม,0
ขอเมนูหน่อยค่ะ,0
ขอเช็คบิลด้วยครับ,0
ไปทางนี้ถูกไหมครับ,0
ขอจองโต๊ะสำหรับสองคนค่ะ,0
ช่วยแนะนำเมนูยอดนิยมหน่อย,0
ขอโทษครับช่วยบอกเวลาได้ไหม,0
ขอเปลี่ยนที่นั่งได้ไหมคะ,0
ขอความช่วยเหลือนิดหนึ่งค่ะ,0
ขอปิดเสียงโทรศัพท์ก่อนนะครับ,0
พรุ่งนี้เจอกันนะครับ,0
เดินทางปลอดภัยนะ,0
ขอให้หายป่วยเร็วๆ,0
ขอให้โชคดีนะ,0
ขอโทษครับขอผ่านหน่อย,0
ช่วยเปิดประตูให้หน่อยได้ไหม,0
ขอเติมน้ำมันเต็มถังครับ,0
ช่วยบอกทางไปโรงพยาบาลหน่อย,0
ขอซื้อบัตรหนึ่งใบค่ะ,0
ขอคืนสินค้าได้ไหมครับ,0
ขอชาร์จแบตหน่อยได้ไหม,0
ช่วยแนะนำที่ท่องเที่ยวหน่อยค่ะ,0
ขอถุงเพิ่มได้ไหมครับ,0
ขอให้ช่วยตรวจสอบให้หน่อย,0
ขอเลื่อนนัดเป็นพรุ่งนี้ได้ไหม,0
ขอบคุณที่รอครับ,0
ขอโทษที่ทำให้ลำบากนะ,0
ช่วยอธิบายอีกครั้งได้ไหม,0
ขอจ่ายด้วยบัตรได้ไหมครับ,0
ขอส่วนลดได้ไหมคะ,0
ขอเปลี่ยนเงินหน่อยครับ,0
ขอรับเอกสารด้วยค่ะ,0
รบกวนส่งไฟล์ให้ใหม่ได้ไหม,0
ขอให้วันนี้เป็นวันที่ดี,0
ช่วยดูแลของให้หน่อยได้ไหม,0
ขอจอดรถแป๊บหนึ่งได้ไหม,0
ช่วยเรียกแท็กซี่ให้หน่อยค่ะ,0
ขอโทษครับฉันหลงทาง,0
ช่วยบอกชื่อถนนนี้หน่อย,0
ขอเข้าห้องน้ำหน่อยครับ,0
ขอสอบถามราคาได้ไหมคะ,0
รบกวนช่วยหาของที่หายให้หน่อย,0
ขอให้พักผ่อนเยอะๆนะ,0
สวัสดีครับวันนี้กินอะไรดี,0
ส.ล็.อ.ต เว็บตรงไม่ผ่านเอเย่นต์,1
วันนี้รถติดมากๆ เลย,0
แอดไลน์รับเ.ค.ร.ดิต.ฟ.รี,1
ทำงานเหนื่อยไหมครับสู้ๆ นะ,0
ค ลิ ก ที่ นี่ รั บ 1 0 0,1
ฝนตกดูแลสุขภาพด้วยนะครับ,0
S L O T 777 แตกหนักจ่ายจริง,1
มีการบ้านต้องส่งพรุ่งนี้,0
เ_ว็_บ_พ_นั_น อันดับ 1,1
ขอโทษนะครับทางไปห้องน้ำไปทางไหน,0
b a c c a r a t เล่นง่ายได้เงินไว,1
หิวข้าวมากเลยอยากกินหมูกระทะ,0
ฝ า ก ถ อ น โ อ น ไ ว 3 วิ,1
หนังเรื่องนี้สนุกมากต้องไปดู,0
ค ลิ ป ห ลุ ด ทางบ้าน 18+,1
นอนดึกตื่นสายอีกแล้วเรา,0
นั ด ยิ้ ม โซนบางนา,1
ราคาของชิ้นนี้เท่าไหร่ครับ,0
ด.ญ. น่ารักรับงาน n,1
วันนี้อากาศดีจังเลย,0
ปั่ น ส ล็ อ ต ทุนน้อยก็รวยได้,1
เธอน่ารักจังขอจีบได้ไหม,0
ดู ค ลิ ป เต็ม จิ้ ม ลิ ง ก์,1
ลืมกุญแจไว้ที่บ้านทำไงดี,0
H O T พริตตี้สาวสวยไลฟ์สด,1
ขอเบอร์ติดต่อหน่อยได้ไหมครับ,0
กลุ่มลับ V I P งานดีมาก,1
เย็นนี้ไปเตะบอลกันไหม,0
แ อ บ ถ่ า ย ห้องน้ำ,1
การบ้านข้อยากมากช่วยหน่อย,0
U.F.A เว็บแม่มาเอง,1
คิดถึงนะไม่ได้เจอกันนานเลย,0
P.G. S.l.o.t แตกง่ายกว่าเดิม,1
ไปเที่ยวทะเลกันเถอะ,0
ใครอยากร ว ย ทักแชทมาเลย,1
ร้านนี้อร่อยมากแนะนำเลย,0
เฮียหมูแจกทีเด็ดบอลเต็ง,1
ขอยืมปากกาหน่อยครับ,0
บ า ค า ร่ า สูตร AI แม่นๆ,1
เมื่อไหร่จะสอบเสร็จเนี่ย,0
VK งานแรร์ของดีบอกต่อ,1
สุขสันต์วันเกิดนะครับ,0
รับงาน ท ท แถวลาดพร้าว,1
ประชุมพรุ่งนี้กี่โมงนะ,0
เล่นเสียเราคืนยอดเสีย 5%,1
ไฟดับทำอะไรไม่ได้เลย,0
โปรโมชั่น ส มั ค ร ใ ห ม่ รับ 50%,1
รถเมล์สายนี้ผ่านสยามไหม,0
คลิป น ศ สาวสวย หลุด,1
กาแฟร้านนี้ขมไปหน่อย,0
ล อ ง เ ล่ น ฟ รี ถอนได้จริง,1
เสื้อตัวนี้สีสวยดีนะ,0
เว็บ มั่ น ค ง ป ล อ ด ภั ย 100%,1
วันนี้วันพระไปทำบุญกัน,0
ส า ว ไ ซ ต์ ไ ล น์ บริการถึงที่,1
ขอบคุณสำหรับคำแนะนำครับ,0
แทง บ อ ล ขั้ น ต่ำ 1 0 บาท,1
ดูซีรีส์เกาหลีโต้รุ่งเลย,0
OnlyFans หลุดใหม่ล่าสุด,1
ตั๋วหนังรอบนี้เต็มยังครับ,0
แ จ ก สู ต ร ส ล็ อ ต ฟรี,1
น้องแมวที่บ้านน่ารักมาก,0
หมุน ว ง ล้ อ ลุ้นรับทอง,1
พรุ่งนี้วันหยุดไปไหนดี,0
เ.ก.ม.ยิ.ง.ป.ล.า แตกง่ายสุดๆ,1
ขอตัวไปนอนก่อนนะครับ,0
หาคน ดู แ ล ฟี ล แ ฟ น,1
ชอบฟังเพลงแนวไหนครับ,0
คลิปเด็ด 1 8 + ห้ามพลาด,1
ร้านปิดกี่โมงครับ,0
SA Gaming ขั้นต่ำ 5 บาท,1
เดินทางปลอดภัยนะครับ,0
J o k e r 1 2 3 ระบบออโต้,1
อย่าลืมทานยาหลังอาหารนะ,0
รับ ปั่ น บ า ร า ค่ า,1
หนังสือเล่มนี้อ่านสนุกดี,0
9 1 8 K i s s ดาวน์โหลดฟรี,1
คอมพิวเตอร์เปิดไม่ติดช่วยด้วย,0
ง า น ส บ า ย รายได้วันละ 3000,1
ตื่นเต้นจังพรุ่งนี้จะไปเที่ยวแล้ว,0
หาพี่ ดู แ ล ระยะยาว,1
สอบผ่านแล้วดีใจจัง,0
สเต็ป 3 แตกยับๆ,1
วันนี้รถไฟฟ้าคนเยอะมาก,0
แอด L i n e รับเครดิตฟรี,1
ขอเพลงหน่อยครับดีเจ,0
ดูไลฟ์สดย้อนหลังได้ที่นี่,1
น่าเบื่อจังไม่มีอะไรทำเลย,0
เว็บตรง มั่นคง จ่ายชัวร์,1
ฝนหยุดตกหรือยังครับ,0
ท า ย ผ ล บ อ ล ลุ้นไอโฟน,1
ขอกาแฟเย็นแก้วนึงครับ,0
กลุ่ม ลั บ เฉพาะคนรู้ใจ,1
นัดเพื่อนไว้ที่ห้าง,0
ลุ้ น รั บ ร า ง วั ล ใหญ่ทุกวัน,1
ปวดหัวจังขอยาหน่อย,0
เสือมังกร เล่นง่าย จบไว,1
บรรยากาศดีน่านอนมาก,0
Sex Toy ของเล่นผู้ใหญ่ราคาถูก,1
ลืมเอาร่มมาเปียกหมดเลย,0
คาสิโนออนไลน์ อันดับ 1 เอเชีย,1
กลับบ้านดีๆ นะครับ,0
รวยทางลัดด้วยมือถือเครื่องเดียว,1
วันนี้กินข้าวกับอะไร,0
คลิปหลุดทางบ้าน ล่าสุด,1
ง่วงนอนจังขอกาแฟหน่อย,0
สมัครวันนี้ รับโบนัส 100%,1
ไปวิ่งออกกำลังกายกัน,0
ทีเด็ดล้มโต๊ะ วันนี้,1
ขอรหัสไวไฟหน่อยครับ,0
ไฮโลไทย พื้นบ้าน ออนไลน์,1
พรุ่งนี้เจอกันที่โรงเรียน,0
งาน N แรงๆ รับงานเอง,1
